job_id,n,q,lattice_t,beta,seed,regime,plateau_length,terminal_status,rank_complete,levels_measured,max_reached_k,predicted_bottleneck_k,predicted_bottleneck_passed,measured_peak_count,measured_peak_levels,nearest_measured_peak_k,peak_offset,absolute_peak_gap,exact_peak_match,mean_log_ratio,sd_log_ratio,minimum_log_ratio,maximum_log_ratio,terminal_detail
n=40:q=11:t=20:beta=14:seed=0,40,11,20,14,0,no_plateau,0,ok,True,40,40,18,True,124257,[18],18,0,0,True,0.05952745185584159,0.2662336339622797,-0.13396736262887754,1.6094379124341074,
n=40:q=11:t=20:beta=14:seed=1,40,11,20,14,1,no_plateau,0,ok,True,40,40,18,True,160509,[18],18,0,0,True,0.06597615327748345,0.2189810125849007,-0.06921075667244914,1.0986122886681169,
n=40:q=11:t=20:beta=14:seed=2,40,11,20,14,2,no_plateau,0,ok,True,40,40,18,True,169331,[18],18,0,0,True,-0.06392906352197932,0.22462076090937078,-1.0099577006127447,0.13740350329747564,
n=40:q=11:t=20:beta=2:seed=0,40,11,20,2,0,no_plateau,0,ok,True,40,40,19,True,434849,[19],19,0,0,True,0.10708836016422103,0.3420822248230658,-0.16254656954885172,1.6094379124341074,
n=40:q=11:t=20:beta=2:seed=1,40,11,20,2,1,no_plateau,0,ok,True,40,40,18,True,2598945,[18],18,0,0,True,0.06538962824174648,0.2680974411336925,-0.08758072020014573,1.3054960737893002,
n=40:q=11:t=20:beta=2:seed=2,40,11,20,2,2,no_plateau,0,ok,True,40,40,19,True,1480221,[19],19,0,0,True,-0.005635744634767059,0.044785198844059126,-0.17624605664290915,0.12126954200419826,
n=40:q=11:t=20:beta=7:seed=0,40,11,20,7,0,no_plateau,0,ok,True,40,40,17,True,239081,[17],17,0,0,True,0.11255762910457585,0.38257150406193874,-0.16254656954885172,1.6094379124341074,
n=40:q=11:t=20:beta=7:seed=1,40,11,20,7,1,no_plateau,0,ok,True,40,40,18,True,208125,[18],18,0,0,True,0.06721846659165405,0.2373445020206502,-0.07326930458097891,1.0986122886681169,
n=40:q=11:t=20:beta=7:seed=2,40,11,20,7,2,no_plateau,0,ok,True,40,40,17,True,188619,[17],17,0,0,True,-0.06610252402483488,0.21740514085291796,-1.0099577006127447,0.10213153696270183,
n=40:q=11:t=30:beta=14:seed=0,40,11,30,14,0,no_plateau,0,ok,True,40,40,18,True,172809,[18],18,0,0,True,0.015494278041365906,0.07024244905069821,-0.12155346501741238,0.3369627942756259,
n=40:q=11:t=30:beta=14:seed=1,40,11,30,14,1,no_plateau,0,ok,True,40,40,18,True,126697,[18],18,0,0,True,0.03467718266706474,0.21331603222350726,-0.20175791067807536,1.0986122886681098,
n=40:q=11:t=30:beta=14:seed=2,40,11,30,14,2,no_plateau,0,ok,True,40,40,18,True,169763,[18],18,0,0,True,0.11536415449689903,0.3595347990645033,-0.06887320718849921,1.9459101490553132,
n=40:q=11:t=30:beta=2:seed=0,40,11,30,2,0,transition,4,ok,True,40,40,18,True,893991,[18],18,0,0,True,-0.008478796877530947,0.1926718169350344,-1.0451988929034286,0.39576353981519174,
n=40:q=11:t=30:beta=2:seed=1,40,11,30,2,1,transition,4,ok,True,40,40,18,True,440289,[18],18,0,0,True,0.048740243466225505,0.19641464971149133,-0.12801291182391106,1.0986122886681098,
n=40:q=11:t=30:beta=2:seed=2,40,11,30,2,2,long_plateau,6,ok,True,40,40,19,True,705595,[19],19,0,0,True,0.10229086671933792,0.3609914222615571,-0.05429260036121342,1.9459101490553132,
n=40:q=11:t=30:beta=7:seed=0,40,11,30,7,0,transition,1,ok,True,40,40,19,True,204845,[19],19,0,0,True,-0.03011277959770604,0.18118626908040766,-1.015402844302315,0.332540834687316,
n=40:q=11:t=30:beta=7:seed=1,40,11,30,7,1,no_plateau,0,ok,True,40,40,18,True,182663,[18],18,0,0,True,0.03969172801239567,0.20995072216352695,-0.3035199610103121,1.0986122886681098,
n=40:q=11:t=30:beta=7:seed=2,40,11,30,7,2,transition,3,ok,True,40,40,18,True,162861,[18],18,0,0,True,0.11533675681660993,0.360046425836313,-0.08273105281336468,1.9459101490553132,
n=40:q=347:t=20:beta=14:seed=0,40,347,20,14,0,no_plateau,0,ok,True,40,40,18,True,153327,[18],18,0,0,True,-0.1104373792018896,0.35505008119681347,-1.8900392120650764,0.07427048775168998,
n=40:q=347:t=20:beta=14:seed=1,40,347,20,14,1,no_plateau,0,ok,True,40,40,17,True,150695,[17],17,0,0,True,-0.05263887827020135,0.2900431898808236,-0.9087457301986177,1.0986122886681098,
n=40:q=347:t=20:beta=14:seed=2,40,347,20,14,2,no_plateau,0,ok,True,40,40,18,True,191281,[18],18,0,0,True,0.005321185310489496,0.1257244461311779,-0.3151008139217053,0.5918676662372035,
n=40:q=347:t=20:beta=2:seed=0,40,347,20,2,0,no_plateau,0,ok,True,40,40,18,True,2529953,[18],18,0,0,True,0.008085922382441596,0.10631654543161893,-0.44796343461706045,0.44630782460607743,
n=40:q=347:t=20:beta=2:seed=1,40,347,20,2,1,no_plateau,0,ok,True,40,40,17,True,793741,[17],17,0,0,True,0.03046390933755268,0.19650532990528236,-0.13696732937561973,1.0986122886681098,
n=40:q=347:t=20:beta=2:seed=2,40,347,20,2,2,no_plateau,0,ok,True,40,40,18,True,1320111,[18],18,0,0,True,0.02547123574703728,0.08450645741147642,-0.029168433495823987,0.5128013854674469,
n=40:q=347:t=20:beta=7:seed=0,40,347,20,7,0,no_plateau,0,ok,True,40,40,18,True,293201,[18],18,0,0,True,-0.01612091093938319,0.08301822250736851,-0.281550010673854,0.24518376591367286,
n=40:q=347:t=20:beta=7:seed=1,40,347,20,7,1,no_plateau,0,ok,True,40,40,18,True,323947,[18],18,0,0,True,0.05485082815675355,0.23643710957639524,-0.13696732937561973,1.0986122886681098,
n=40:q=347:t=20:beta=7:seed=2,40,347,20,7,2,no_plateau,0,ok,True,40,40,19,True,197487,[19],19,0,0,True,0.01940229517467936,0.11487696852102715,-0.1204797309678447,0.5918676662372035,
n=40:q=347:t=30:beta=14:seed=0,40,347,30,14,0,no_plateau,0,ok,True,40,40,18,True,133555,[18],18,0,0,True,-0.030430581170097927,0.15778692811748013,-0.9452785340450021,0.1020113987003688,
n=40:q=347:t=30:beta=14:seed=1,40,347,30,14,1,no_plateau,0,ok,True,40,40,18,True,138913,[18],18,0,0,True,-0.0093130628712574,0.2339297734545978,-0.7642071552940399,1.0986122886681098,
n=40:q=347:t=30:beta=14:seed=2,40,347,30,14,2,no_plateau,0,ok,True,40,40,17,True,163861,[17],17,0,0,True,-0.007587850807846214,0.18234554091890337,-1.009048231520353,0.44889207041018686,
n=40:q=347:t=30:beta=2:seed=0,40,347,30,2,0,no_plateau,0,ok,True,40,40,18,True,1648665,[18],18,0,0,True,0.01640054963249059,0.060953037759643905,-0.04452314508898958,0.33770722251754437,
n=40:q=347:t=30:beta=2:seed=1,40,347,30,2,1,no_plateau,0,ok,True,40,40,19,True,2893299,[19],19,0,0,True,0.0314664843288278,0.17974339707824563,-0.040683169523198615,1.0986122886681098,
n=40:q=347:t=30:beta=2:seed=2,40,347,30,2,2,no_plateau,0,ok,True,40,40,18,True,2338287,[18],18,0,0,True,-0.022417125923638266,0.12747955374850733,-0.6096054299536813,0.13424132387473198,
n=40:q=347:t=30:beta=7:seed=0,40,347,30,7,0,no_plateau,0,ok,True,40,40,18,True,220819,[18],18,0,0,True,-0.02197222485275483,0.19857461727035453,-1.0631055213405602,0.24032022942870768,
n=40:q=347:t=30:beta=7:seed=1,40,347,30,7,1,no_plateau,0,ok,True,40,40,18,True,188915,[18],18,0,0,True,0.03485092027346491,0.18343807822256622,-0.3064310232947094,1.0986122886681098,
n=40:q=347:t=30:beta=7:seed=2,40,347,30,7,2,no_plateau,0,ok,True,40,40,18,True,213735,[18],18,0,0,True,-0.046116146637971187,0.16868462214290697,-1.009048231520353,0.02603901335898051,
n=40:q=43:t=20:beta=14:seed=0,40,43,20,14,0,no_plateau,0,ok,True,40,40,17,True,171775,[17],17,0,0,True,0.022666624917687367,0.22517749597681852,-0.34536476880965417,1.0986122886681098,
n=40:q=43:t=20:beta=14:seed=1,40,43,20,14,1,no_plateau,0,ok,True,40,40,17,True,163987,[17],17,0,0,True,-0.036824445876363555,0.1832720756650219,-1.0214524597250971,0.13620316477936623,
n=40:q=43:t=20:beta=14:seed=2,40,43,20,14,2,no_plateau,0,ok,True,40,40,18,True,126999,[18],18,0,0,True,-0.07420098767232773,0.221815349996391,-1.0102995809679527,0.025755904174730837,
n=40:q=43:t=20:beta=2:seed=0,40,43,20,2,0,no_plateau,0,ok,True,40,40,18,True,2248103,[18],18,0,0,True,0.06797858013244672,0.2328106884545278,-0.1019026774338112,1.0986122886681098,
n=40:q=43:t=20:beta=2:seed=1,40,43,20,2,1,no_plateau,0,ok,True,40,40,19,True,475445,[19],19,0,0,True,-0.08293647354831483,0.37932186763197434,-2.099901530789083,0.15835464093439544,
n=40:q=43:t=20:beta=2:seed=2,40,43,20,2,2,no_plateau,0,ok,True,40,40,18,True,1642877,[18],18,0,0,True,0.005750500287675864,0.04797076083815841,-0.07363326886536736,0.2293319508010616,
n=40:q=43:t=20:beta=7:seed=0,40,43,20,7,0,no_plateau,0,ok,True,40,40,18,True,189103,[18],18,0,0,True,-0.006900845152419394,0.2247708575573449,-0.7218883748044314,1.0986122886681098,
n=40:q=43:t=20:beta=7:seed=1,40,43,20,7,1,no_plateau,0,ok,True,40,40,18,True,236289,[18],18,0,0,True,-0.058509433709505454,0.20237024161165182,-1.0359462281617198,0.14873142086595426,
n=40:q=43:t=20:beta=7:seed=2,40,43,20,7,2,no_plateau,0,ok,True,40,40,18,True,171497,[18],18,0,0,True,0.006525735933174248,0.06060446308885602,-0.11122822210249672,0.20468398742403826,
n=40:q=43:t=30:beta=14:seed=0,40,43,30,14,0,no_plateau,0,ok,True,40,40,19,True,138833,[19],19,0,0,True,0.008136909035913142,0.09774358825177364,-0.2817737567800047,0.4566601518402873,
n=40:q=43:t=30:beta=14:seed=1,40,43,30,14,1,no_plateau,0,ok,True,40,40,18,True,131459,[18],18,0,0,True,-0.0646345735762935,0.20632259246692256,-0.9627365987511212,0.06767235821229445,
n=40:q=43:t=30:beta=14:seed=2,40,43,30,14,2,no_plateau,0,ok,True,40,40,18,True,141719,[18],18,0,0,True,0.025655187428197612,0.21041304088589155,-0.23756389193733796,1.0986122886681098,
n=40:q=43:t=30:beta=2:seed=0,40,43,30,2,0,no_plateau,0,ok,True,40,40,18,True,790971,[18],18,0,0,True,0.02104390440028192,0.15301933234586684,-0.17495593447574964,0.5906904333456111,
n=40:q=43:t=30:beta=2:seed=1,40,43,30,2,1,no_plateau,0,ok,True,40,40,17,True,793321,[17],17,0,0,True,-0.0035716336024258664,0.07796281987309059,-0.4086614651218412,0.13383314966786486,
n=40:q=43:t=30:beta=2:seed=2,40,43,30,2,2,no_plateau,0,ok,True,40,40,19,True,1004255,[19],19,0,0,True,0.03886318905106256,0.1852581637419038,-0.22446034571827966,1.0986122886681098,
n=40:q=43:t=30:beta=7:seed=0,40,43,30,7,0,no_plateau,0,ok,True,40,40,17,True,221481,[17],17,0,0,True,-0.0161929458098558,0.06998274081680739,-0.35052920537235654,0.1185257460082052,
n=40:q=43:t=30:beta=7:seed=1,40,43,30,7,1,no_plateau,0,ok,True,40,40,18,True,255753,[18],18,0,0,True,-0.012010009154597805,0.07441319197972839,-0.4086614651218412,0.11978685633902675,
n=40:q=43:t=30:beta=7:seed=2,40,43,30,7,2,no_plateau,0,ok,True,40,40,18,True,207437,[18],18,0,0,True,0.06385353284383999,0.20667160661694792,-0.1680281054372692,1.0986122886681098,
n=40:q=5:t=20:beta=14:seed=0,40,5,20,14,0,no_plateau,0,ok,True,40,40,18,True,177415,[18],18,0,0,True,0.002986285210574607,0.13044189549538876,-0.5080130304828767,0.6144066933961951,
n=40:q=5:t=20:beta=14:seed=1,40,5,20,14,1,no_plateau,0,ok,True,40,40,17,True,101291,[17],17,0,0,True,0.050764343120502195,0.17837572386832404,-0.02599796723567316,0.9853753657608857,
n=40:q=5:t=20:beta=14:seed=2,40,5,20,14,2,no_plateau,0,ok,True,40,40,18,True,145239,[18],18,0,0,True,0.06532273604639213,0.2838916091390312,-0.14382069875978232,1.6094379124341003,
n=40:q=5:t=20:beta=2:seed=0,40,5,20,2,0,transition,3,ok,True,40,40,20,True,1830215,[20],20,0,0,True,-0.024418327269409217,0.18610275636207932,-1.138872255263795,0.2018197420233978,
n=40:q=5:t=20:beta=2:seed=1,40,5,20,2,1,transition,1,ok,True,40,40,20,True,1362939,[20],20,0,0,True,-0.007189249540957399,0.02697362118745928,-0.15183174225278973,0.015641366987769967,
n=40:q=5:t=20:beta=2:seed=2,40,5,20,2,2,no_plateau,0,ok,True,40,40,18,True,668727,[18],18,0,0,True,0.0765845665590275,0.33284679217302365,-0.2465986502752151,1.6094379124341003,
n=40:q=5:t=20:beta=7:seed=0,40,5,20,7,0,no_plateau,0,ok,True,40,40,19,True,190479,[19],19,0,0,True,0.04989278208886923,0.13186329100629027,-0.04749045923370043,0.5821374328274096,
n=40:q=5:t=20:beta=7:seed=1,40,5,20,7,1,no_plateau,0,ok,True,40,40,19,True,189053,[19],19,0,0,True,-0.020390528781382068,0.18390211599520204,-1.0576127905149058,0.35927053096482053,
n=40:q=5:t=20:beta=7:seed=2,40,5,20,7,2,no_plateau,0,ok,True,40,40,19,True,182289,[19],19,0,0,True,0.019512370877492958,0.2880993136030806,-0.3658986515756333,1.6094379124341003,
n=40:q=5:t=30:beta=14:seed=0,40,5,30,14,0,long_plateau,6,ok,True,40,40,17,True,86683,[17],17,0,0,True,0.3999406476951335,1.0220495666156388,-0.020479553269221462,4.442651256490317,
n=40:q=5:t=30:beta=14:seed=1,40,5,30,14,1,long_plateau,7,ok,True,40,40,18,True,102039,[18],18,0,0,True,0.38755836137209354,1.0015499110449133,-0.014752712633530507,4.394449154672439,
n=40:q=5:t=30:beta=14:seed=2,40,5,30,14,2,long_plateau,6,ok,True,40,40,17,True,91147,[17],17,0,0,True,0.365062254588444,1.0177706284231955,-0.14033033313911347,4.394449154672439,
n=40:q=5:t=30:beta=2:seed=0,40,5,30,2,0,long_plateau,8,ok,True,40,40,16,True,266729,[16],16,0,0,True,0.39724152008786096,1.0223286749596168,-0.010960190502814271,4.442651256490317,
n=40:q=5:t=30:beta=2:seed=1,40,5,30,2,1,long_plateau,12,ok,True,40,40,17,True,291377,[17],17,0,0,True,0.37947125174421836,1.0049019126752776,-0.06325499322548445,4.394449154672439,
n=40:q=5:t=30:beta=2:seed=2,40,5,30,2,2,long_plateau,11,ok,True,40,40,16,True,400755,[16],16,0,0,True,0.37534434376845494,1.0136235889388845,-0.14033033313911347,4.394449154672439,
n=40:q=5:t=30:beta=7:seed=0,40,5,30,7,0,long_plateau,6,ok,True,40,40,16,True,85531,[16],16,0,0,True,0.40005958549394094,1.0220367645507988,-0.020479553269221462,4.442651256490317,
n=40:q=5:t=30:beta=7:seed=1,40,5,30,7,1,long_plateau,8,ok,True,40,40,18,True,101923,[18],18,0,0,True,0.38184096648595744,1.0037497330064142,-0.010688452123504888,4.394449154672439,
n=40:q=5:t=30:beta=7:seed=2,40,5,30,7,2,long_plateau,7,ok,True,40,40,18,True,140079,[18],18,0,0,True,0.37295563358306666,1.0145814772283077,-0.14033033313911347,4.394449154672439,
n=44:q=11:t=22:beta=15:seed=0,44,11,22,15,0,no_plateau,0,ok,True,44,44,20,True,959949,[20],20,0,0,True,0.06681256932140162,0.25332041700469016,-0.0976623617914516,1.1548279464771674,
n=44:q=11:t=22:beta=2:seed=0,44,11,22,2,0,no_plateau,0,solution_cap,False,14,14,19,False,16769483,[14],14,-5,5,False,0.008527375330917472,0.02277472111717759,-0.015563068830914517,0.06401836551585127,
n=44:q=11:t=22:beta=8:seed=0,44,11,22,8,0,no_plateau,0,ok,True,44,44,21,True,1968963,[21],21,0,0,True,-0.0036822482407646243,0.22899621572963033,-0.5767150697144525,1.0986122886681169,
n=44:q=11:t=33:beta=15:seed=0,44,11,33,15,0,no_plateau,0,ok,True,44,44,20,True,652139,[20],20,0,0,True,0.15319642061404304,0.3942640350526373,-0.02225757928517158,1.6094379124341003,
n=44:q=11:t=33:beta=2:seed=0,44,11,33,2,0,long_plateau,9,time_cap,False,20,20,20,False,13635573,[20],20,0,0,True,-0.017045626211807906,0.03843921184206901,-0.1222019073246765,0.0030011567481551538,"TIMER_REAL, 0.0)
  File ""experiments/node_counts.py"", line 190, in alarm_handler
    raise TimeoutError(""operation exceeded its time cap"")
TimeoutError: operation exceeded its time cap
"
n=44:q=11:t=33:beta=8:seed=0,44,11,33,8,0,transition,3,ok,True,44,44,20,True,1165021,[20],20,0,0,True,0.11212943873382378,0.3228769349859889,-0.04674663224233466,1.6094379124341003,
n=44:q=379:t=22:beta=15:seed=0,44,379,22,15,0,no_plateau,0,ok,True,44,44,19,True,823711,[19],19,0,0,True,-0.00026091885511435195,0.17630515615860992,-0.9949174115179602,0.3896538941544061,
n=44:q=379:t=22:beta=2:seed=0,44,379,22,2,0,no_plateau,0,ok,True,44,44,20,True,8232207,[20],20,0,0,True,0.002552476366298956,0.05031812271652254,-0.28351672868168465,0.11016921894379639,
n=44:q=379:t=22:beta=8:seed=0,44,379,22,8,0,no_plateau,0,ok,True,44,44,19,True,1283861,[19],19,0,0,True,0.034328374492251505,0.1239347295086012,-0.03532302181506086,0.5692080924141123,
n=44:q=379:t=33:beta=15:seed=0,44,379,33,15,0,no_plateau,0,ok,True,44,44,19,True,859741,[19],19,0,0,True,-0.04573816775599975,0.17407217048477175,-0.9827528498306037,0.05630970814398495,
n=44:q=379:t=33:beta=2:seed=0,44,379,33,2,0,no_plateau,0,ok,True,44,44,19,True,7080655,[19],19,0,0,True,0.048429827212480035,0.16069231529232625,-0.02398312204231301,0.8138521081067915,
n=44:q=379:t=33:beta=8:seed=0,44,379,33,8,0,no_plateau,0,ok,True,44,44,19,True,1109527,[19],19,0,0,True,-0.0317593597284886,0.20309265080247652,-0.9827528498306037,0.14419102705972087,
n=44:q=47:t=22:beta=15:seed=0,44,47,22,15,0,no_plateau,0,ok,True,44,44,20,True,857301,[20],20,0,0,True,0.04925799213865666,0.17107648489803365,-0.12548694394294624,0.8457640445479315,
n=44:q=47:t=22:beta=2:seed=0,44,47,22,2,0,no_plateau,0,ok,True,44,44,19,True,10340793,[19],19,0,0,True,0.021552217736585586,0.10587847581163476,-0.09588490879950062,0.5046285133488313,
n=44:q=47:t=22:beta=8:seed=0,44,47,22,8,0,no_plateau,0,ok,True,44,44,20,True,936195,[20],20,0,0,True,0.038220232905248584,0.14271071830873316,-0.12548694394294624,0.6105469700698449,
n=44:q=47:t=33:beta=15:seed=0,44,47,33,15,0,no_plateau,0,ok,True,44,44,20,True,930917,[20],20,0,0,True,0.07289042056679777,0.27792193360732165,-0.0653567021447703,1.6094379124341003,
n=44:q=47:t=33:beta=2:seed=0,44,47,33,2,0,no_plateau,0,time_cap,False,20,20,21,False,15510113,[20],20,-1,1,False,-0.007066688337159033,0.018463479515966254,-0.062206726881912866,0.004733652835309243,"TIMER_REAL, 0.0)
  File ""experiments/node_counts.py"", line 190, in alarm_handler
    raise TimeoutError(""operation exceeded its time cap"")
TimeoutError: operation exceeded its time cap
"
n=44:q=47:t=33:beta=8:seed=0,44,47,33,8,0,no_plateau,0,ok,True,44,44,19,True,1888925,[19],19,0,0,True,0.07533827955048089,0.2806637046111197,-0.03807224588408609,1.6094379124341003,
n=44:q=5:t=22:beta=15:seed=0,44,5,22,15,0,no_plateau,0,ok,True,44,44,19,True,894767,[19],19,0,0,True,-0.008095553524731331,0.17950009637765324,-0.9988909423642411,0.3923940596486619,
n=44:q=5:t=22:beta=2:seed=0,44,5,22,2,0,transition,2,ok,True,44,44,21,True,4983483,[21],21,0,0,True,-0.0057576082955161775,0.06817248592711385,-0.4141162778937064,0.14193474852097254,
n=44:q=5:t=22:beta=8:seed=0,44,5,22,8,0,no_plateau,0,ok,True,44,44,20,True,1073359,[20],20,0,0,True,-0.026716132357492404,0.12907517304346047,-0.6477472494124488,0.09365887925646277,
n=44:q=5:t=33:beta=15:seed=0,44,5,33,15,0,long_plateau,9,ok,True,44,44,18,True,453461,[18],18,0,0,True,0.37095595232131695,0.9946380352792901,-0.033242458699636046,4.48863636973214,
n=44:q=5:t=33:beta=2:seed=0,44,5,33,2,0,long_plateau,14,ok,True,44,44,18,True,1627205,[18],18,0,0,True,0.3916683072684895,0.9878214690415213,-0.030210986224775027,4.48863636973214,
n=44:q=5:t=33:beta=8:seed=0,44,5,33,8,0,long_plateau,9,ok,True,44,44,18,True,532795,[18],18,0,0,True,0.37446437072413663,0.9933138962376512,-0.025798483484088308,4.48863636973214,
