n,q,t,beta,seed,n_q,n_GSA,n_1,delta_rate,H
320,13,240,40,2,195,90,35,0.028322,0.015931
320,13,240,40,4,196,88,36,0.028966,0.015931
320,13,160,40,9,99,123,98,0.020853,0.000000
320,13,160,40,4,101,119,100,0.021554,0.000000
320,13,160,40,5,101,118,101,0.021669,0.007990
320,13,240,40,7,195,91,34,0.028186,0.000000
320,13,160,40,1,100,121,99,0.021198,0.000000
320,13,240,40,3,194,92,34,0.027707,0.015931
320,13,240,40,9,195,90,35,0.028322,0.015931
320,13,240,40,6,195,90,35,0.028322,0.015931
320,13,240,40,8,196,89,35,0.028820,0.000000
320,13,240,40,5,196,89,35,0.028820,0.000000
320,13,240,40,0,216,48,56,0.053105,0.015931
320,13,240,40,1,199,83,38,0.030903,0.000000
320,13,160,40,8,97,126,97,0.020293,0.007990
320,13,160,40,7,96,128,96,0.019976,0.007990
320,13,160,40,3,99,123,98,0.020853,0.000000
320,13,160,40,2,101,118,101,0.021669,0.007990
320,13,160,40,0,100,120,100,0.021308,0.007990
320,13,160,40,6,101,118,101,0.021669,0.007990
320,31,160,40,2,94,133,93,0.025819,0.000001
320,31,160,40,3,94,133,93,0.025819,0.000000
320,31,160,40,1,137,47,136,0.073064,0.000000
320,31,160,40,0,96,129,95,0.026620,0.000000
320,31,240,40,0,178,124,18,0.027521,0.021329
320,31,240,40,4,184,113,23,0.030389,0.000000
320,31,240,40,5,182,116,22,0.029419,0.021329
320,31,240,40,8,178,125,17,0.027472,0.000000
320,31,240,40,3,179,122,19,0.027973,0.021329
320,31,240,40,2,177,126,17,0.027085,0.021329
320,31,160,40,8,107,106,107,0.032295,0.010697
320,31,240,40,1,178,125,17,0.027472,0.000000
320,31,240,40,6,182,116,22,0.029419,0.021329
320,31,240,40,7,179,122,19,0.027973,0.021329
320,31,240,40,9,180,120,20,0.028439,0.021329
320,31,160,40,7,103,114,103,0.030029,0.010698
320,31,160,40,4,95,131,94,0.026214,0.000001
320,31,160,40,5,110,101,109,0.034000,0.000000
320,31,160,40,9,153,15,152,0.228932,0.000000
320,31,160,40,6,99,122,99,0.028060,0.010698
320,127,240,40,0,155,165,0,0.028298,0.175091
320,127,240,40,1,155,159,6,0.028341,0.337967
320,127,160,40,1,97,127,96,0.038143,0.000018
320,127,160,40,2,112,96,112,0.050303,0.015086
320,127,160,40,5,114,93,113,0.052088,0.000046
320,127,240,40,5,154,163,3,0.027971,0.284952
320,127,240,40,7,155,158,7,0.028356,0.364014
320,127,240,40,2,155,161,4,0.028318,0.284952
320,127,240,40,3,155,159,6,0.028341,0.337967
320,127,240,40,6,154,166,0,0.027959,0.203050
320,127,240,40,4,155,160,5,0.028329,0.311614
320,127,160,40,3,107,106,107,0.045559,0.014915
320,127,240,40,9,154,166,0,0.027959,0.203050
320,127,160,40,4,158,4,158,1.207289,0.015033
320,127,240,40,8,155,160,5,0.028329,0.311614
320,127,160,40,8,84,153,83,0.031661,0.000040
320,127,160,40,7,78,165,77,0.029358,0.000149
256,13,128,40,0,86,84,86,0.030416,0.009980
256,13,128,40,6,73,110,73,0.023227,0.009980
256,13,128,40,3,88,81,87,0.031666,0.000000
256,13,128,40,2,103,51,102,0.050293,0.000000
256,13,192,40,0,153,78,25,0.032629,0.019883
256,13,128,40,1,87,83,86,0.030903,0.000000
256,13,128,40,4,73,111,72,0.023108,0.000000
256,13,192,40,1,150,84,22,0.030298,0.019883
256,13,128,40,9,96,65,95,0.039461,0.000000
320,1031,240,40,2,126,184,10,0.029431,1.523038
256,13,128,40,5,97,63,96,0.040713,0.000000
256,13,192,40,2,153,79,24,0.032468,0.000000
256,13,128,40,7,97,62,97,0.041209,0.009980
256,13,192,40,3,152,81,23,0.031666,0.000000
256,13,128,40,8,91,74,91,0.034527,0.009980
320,1031,240,40,5,126,186,8,0.029401,1.469686
256,13,192,40,5,152,81,23,0.031666,0.000000
320,1031,240,40,1,126,188,6,0.029378,1.415272
256,13,192,40,7,150,84,22,0.030298,0.019883
256,13,192,40,4,151,82,23,0.031037,0.019883
256,13,192,40,6,150,84,22,0.030298,0.019883
256,13,192,40,9,149,87,20,0.029482,0.000000
320,1031,240,40,4,125,195,0,0.029046,1.274379
256,13,192,40,8,151,82,23,0.031037,0.019883
320,1031,240,40,0,126,185,9,0.029415,1.496493
320,1031,240,40,3,126,183,11,0.029448,1.549326
320,1031,240,40,7,127,180,13,0.029794,1.575359
320,1031,240,40,6,127,182,11,0.029754,1.523038
320,1031,240,40,8,126,185,9,0.029415,1.496493
320,1031,240,40,9,126,182,12,0.029467,1.575359
256,31,192,40,1,129,126,1,0.027043,0.026620
256,31,192,40,4,130,124,2,0.027479,0.026620
256,31,192,40,5,130,124,2,0.027479,0.026620
256,31,192,40,8,129,126,1,0.027043,0.026620
256,31,192,40,2,129,126,1,0.027043,0.026620
256,31,192,40,0,129,126,1,0.027043,0.026620
256,31,192,40,7,129,126,1,0.027043,0.026620
256,31,192,40,3,130,125,1,0.027472,0.000000
256,31,128,40,3,88,81,87,0.042395,0.000000
256,31,192,40,6,130,125,1,0.027472,0.000000
256,31,192,40,9,129,123,4,0.027073,0.104060
256,31,128,40,2,64,129,63,0.026620,0.000000
256,31,128,40,9,63,130,63,0.026313,0.013362
256,31,128,40,5,64,129,63,0.026620,0.000000
256,31,128,40,0,70,117,69,0.029350,0.000000
256,31,128,40,8,70,116,70,0.029488,0.013361
256,31,128,40,1,73,110,73,0.031097,0.013362
256,31,128,40,6,65,126,65,0.027148,0.013362
256,31,128,40,7,106,44,106,0.077741,0.013362
256,31,128,40,4,69,118,69,0.028988,0.013362
256,127,192,40,1,107,144,5,0.027780,0.843826
256,127,192,40,4,107,142,7,0.027813,0.894786
256,127,192,40,2,107,145,4,0.027768,0.817850
256,127,192,40,0,107,144,5,0.027780,0.843826
256,127,192,40,3,107,145,4,0.027768,0.817850
256,127,192,40,8,107,145,4,0.027768,0.817850
256,127,192,40,5,107,144,5,0.027780,0.843826
256,127,192,40,7,107,149,0,0.027743,0.710481
256,127,192,40,6,107,144,5,0.027780,0.843826
256,127,192,40,9,107,145,4,0.027768,0.817850
256,127,128,40,4,90,77,89,0.062912,0.000000
256,127,128,40,1,83,90,83,0.053615,0.018844
256,127,128,40,0,92,72,92,0.067019,0.018849
256,127,128,40,9,52,152,52,0.031746,0.018849
256,127,128,40,2,94,68,94,0.070961,0.018849
256,127,128,40,5,90,76,90,0.063491,0.018848
256,127,128,40,7,90,77,89,0.062912,0.000000
256,127,128,40,3,93,70,93,0.068933,0.018845
256,127,128,40,8,92,73,91,0.066359,0.000000
256,127,128,40,6,93,71,92,0.068228,0.000000
256,1031,192,40,3,80,170,6,0.028547,2.085277
256,1031,192,40,1,81,170,5,0.028863,2.031652
256,1031,192,40,6,80,176,0,0.028509,1.920768
256,1031,192,40,5,81,169,6,0.028874,2.058612
256,1031,192,40,0,80,175,1,0.028510,1.948956
256,1031,192,40,7,80,170,6,0.028547,2.085277
200,13,100,40,0,98,4,98,0.638047,0.012761
256,1031,192,40,2,80,169,7,0.028560,2.111652
200,13,100,40,3,59,82,59,0.031124,0.012761
256,1031,128,40,2,24,208,24,0.033227,0.026996
200,13,100,40,1,50,100,50,0.025522,0.012761
256,1031,192,40,4,81,167,8,0.028902,2.111652
200,13,100,40,5,70,61,69,0.042048,0.000000
200,13,100,40,6,97,6,97,0.425365,0.012761
200,13,150,40,0,103,95,2,0.026999,0.000000
200,13,150,40,4,102,96,2,0.026454,0.025396
256,1031,192,40,8,80,168,8,0.028575,2.137742
200,13,100,40,2,98,4,98,0.638047,0.012761
200,13,150,40,2,103,94,3,0.027017,0.025396
200,13,150,40,1,103,92,5,0.027068,0.074707
200,13,150,40,3,103,93,4,0.027039,0.050293
256,1031,192,40,9,80,170,6,0.028547,2.085277
200,13,150,40,7,104,92,4,0.027604,0.025396
256,1031,128,40,6,23,211,22,0.032883,0.000000
200,13,100,40,4,96,9,95,0.284994,0.000000
200,13,150,40,6,103,91,6,0.027102,0.098652
200,13,150,40,9,103,95,2,0.026999,0.000000
256,1031,128,40,1,23,210,23,0.032911,0.026997
200,13,150,40,5,103,94,3,0.027017,0.025396
200,13,150,40,8,103,95,2,0.026999,0.000000
200,13,100,40,7,99,2,99,1.276094,0.012761
256,1031,128,40,3,22,212,22,0.032600,0.026996
200,13,100,40,8,53,94,53,0.027151,0.012761
200,13,100,40,9,100,1,99,2.564949,0.000000
200,31,150,40,5,88,108,4,0.027176,0.498955
200,31,150,40,4,88,112,0,0.027133,0.395060
200,31,150,40,0,88,110,2,0.027146,0.447911
200,31,150,40,3,88,112,0,0.027133,0.395060
200,31,150,40,6,87,113,0,0.026657,0.421718
200,31,150,40,1,88,112,0,0.027133,0.395060
200,31,150,40,2,88,112,0,0.027133,0.395060
256,1031,128,40,7,23,211,22,0.032883,0.000001
256,1031,128,40,8,23,211,22,0.032883,0.000001
200,31,150,40,7,87,113,0,0.026657,0.421718
200,31,150,40,8,88,108,4,0.027176,0.498955
200,31,100,40,1,44,112,44,0.030508,0.017085
200,31,150,40,9,88,111,1,0.027138,0.421718
256,1031,128,40,9,23,211,22,0.032883,0.000004
200,31,100,40,0,48,105,47,0.032705,0.000000
200,31,100,40,6,45,110,45,0.031063,0.017085
200,31,100,40,8,76,48,76,0.071185,0.017085
200,31,100,40,2,45,110,45,0.031063,0.017085
200,31,100,40,9,45,110,45,0.031063,0.017085
200,31,100,40,3,47,107,46,0.032093,0.000000
200,31,100,40,5,68,65,67,0.052831,0.000000
200,31,100,40,4,73,54,73,0.063276,0.017085
200,31,100,40,7,63,74,63,0.046174,0.017085
200,127,150,40,2,67,133,0,0.027181,1.229122
200,127,150,40,0,67,133,0,0.027181,1.229122
200,127,150,40,6,67,133,0,0.027181,1.229122
200,127,150,40,3,67,133,0,0.027181,1.229122
200,127,150,40,1,68,132,0,0.027593,1.201941
200,127,150,40,4,68,127,5,0.027640,1.333907
200,127,150,40,7,67,133,0,0.027181,1.229122
200,127,150,40,5,68,129,3,0.027612,1.282285
200,127,100,40,2,18,164,18,0.029391,0.024100
200,127,150,40,8,67,133,0,0.027181,1.229122
200,127,100,40,4,18,165,17,0.029359,0.000000
200,127,150,40,9,67,133,0,0.027181,1.229122
200,127,100,40,0,19,163,18,0.029719,0.000000
200,127,100,40,1,20,161,19,0.030088,0.000000
200,127,100,40,6,23,154,23,0.031299,0.024100
200,127,100,40,8,22,156,22,0.030898,0.024100
200,127,100,40,3,22,157,21,0.030855,0.000000
200,127,100,40,7,17,166,17,0.029037,0.024100
200,127,100,40,5,17,167,16,0.029007,0.000000
200,127,100,40,9,18,165,17,0.029359,0.000000
200,1031,150,40,2,43,152,5,0.028004,2.681668
200,1031,100,40,2,0,150,50,0.036857,1.409771
200,1031,100,40,0,0,150,50,0.036857,1.409771
200,1031,150,40,4,43,153,4,0.027993,2.655393
200,1031,100,40,1,0,152,48,0.036664,1.365365
200,1031,150,40,1,43,152,5,0.028004,2.681668
200,1031,150,40,0,43,157,0,0.027970,2.546965
160,13,80,40,0,30,101,29,0.025396,0.000000
200,1031,100,40,3,0,149,51,0.036957,1.431709
160,13,80,40,2,64,32,64,0.079657,0.015931
160,13,80,40,1,64,33,63,0.077726,0.000000
200,1031,150,40,5,42,158,0,0.027618,2.574584
200,1031,150,40,3,43,152,5,0.028004,2.681668
200,1031,150,40,6,43,157,0,0.027970,2.546965
160,13,120,40,1,73,85,2,0.026823,0.284994
160,13,120,40,0,74,83,3,0.027469,0.284994
160,13,120,40,3,73,87,0,0.026802,0.233177
200,1031,150,40,7,43,151,6,0.028018,2.707623
160,13,120,40,4,73,87,0,0.026802,0.233177
160,13,120,40,2,73,87,0,0.026802,0.233177
160,13,120,40,6,74,85,1,0.027433,0.233177
200,1031,100,40,4,0,150,50,0.036857,1.409771
200,1031,150,40,8,42,158,0,0.027618,2.574584
160,13,120,40,5,73,87,0,0.026802,0.233177
160,13,120,40,7,73,82,5,0.026907,0.358541
160,13,80,40,5,39,83,38,0.030903,0.000000
160,13,80,40,4,64,32,64,0.079657,0.015931
200,1031,150,40,9,43,156,1,0.027972,2.574584
160,13,80,40,3,30,100,30,0.025490,0.015931
200,1031,100,40,8,0,149,51,0.036957,1.431710
200,1031,100,40,5,0,150,50,0.036857,1.409771
160,13,120,40,8,73,87,0,0.026802,0.233177
160,13,80,40,7,60,40,60,0.063725,0.015931
160,13,120,40,9,73,87,0,0.026802,0.233177
200,1031,100,40,6,0,151,49,0.036759,1.387657
160,13,80,40,6,62,36,62,0.070806,0.015931
160,31,120,40,0,59,101,0,0.026667,0.740664
200,1031,100,40,9,0,149,51,0.036957,1.431709
160,13,80,40,8,31,98,31,0.026010,0.015931
160,13,80,40,9,63,35,62,0.073284,0.000000
200,1031,100,40,7,0,150,50,0.036857,1.409771
160,31,120,40,4,60,99,1,0.027205,0.740664
160,31,120,40,1,60,98,2,0.027216,0.766813
160,31,120,40,8,59,101,0,0.026667,0.740664
160,31,120,40,3,60,100,0,0.027200,0.713997
160,31,120,40,2,59,101,0,0.026667,0.740664
160,31,120,40,6,59,101,0,0.026667,0.740664
160,31,120,40,5,60,95,5,0.027281,0.842299
160,31,120,40,7,59,101,0,0.026667,0.740664
160,31,120,40,9,59,101,0,0.026667,0.740664
160,31,80,40,2,23,114,23,0.029936,0.021329
160,31,80,40,5,20,121,19,0.028380,0.000000
160,31,80,40,9,18,125,17,0.027472,0.000000
160,31,80,40,0,21,119,20,0.028857,0.000000
160,31,80,40,7,22,116,22,0.029419,0.021329
160,31,80,40,3,20,120,20,0.028439,0.021329
160,31,80,40,8,22,116,22,0.029419,0.021329
160,31,80,40,4,22,116,22,0.029419,0.021329
160,31,80,40,6,24,112,24,0.030470,0.021329
160,31,80,40,1,23,114,23,0.029936,0.021329
160,127,120,40,2,41,115,4,0.027176,1.718905
160,127,120,40,0,41,119,0,0.027138,1.614729
160,127,120,40,5,41,119,0,0.027138,1.614729
160,127,120,40,1,41,119,0,0.027138,1.614729
160,127,120,40,4,41,119,0,0.027138,1.614729
160,127,80,40,1,0,138,22,0.030691,0.608832
160,127,120,40,3,41,119,0,0.027138,1.614729
160,127,80,40,5,0,134,26,0.030931,0.699428
160,127,80,40,0,0,136,24,0.030806,0.654620
160,127,120,40,8,41,119,0,0.027138,1.614729
160,127,80,40,8,0,136,24,0.030806,0.654620
160,127,120,40,6,41,116,3,0.027161,1.693496
160,127,120,40,7,41,114,5,0.027195,1.743907
160,127,120,40,9,41,118,1,0.027142,1.641419
160,127,80,40,3,0,135,25,0.030867,0.677144
160,127,80,40,2,0,136,24,0.030806,0.654620
160,127,80,40,6,0,136,24,0.030806,0.654620
160,127,80,40,4,0,137,23,0.030747,0.631850
160,127,80,40,7,0,138,22,0.030691,0.608832
160,127,80,40,9,0,136,24,0.030806,0.654620
120,13,60,40,0,13,94,13,0.027061,0.021198
160,1031,120,40,0,19,135,6,0.027781,3.187860
160,1031,120,40,3,18,142,0,0.027335,3.056727
160,1031,120,40,2,18,142,0,0.027335,3.056727
160,1031,120,40,6,18,139,3,0.027351,3.136485
160,1031,120,40,1,19,137,4,0.027750,3.136485
120,13,60,40,1,12,97,11,0.026443,0.000000
120,13,60,40,2,16,88,16,0.028906,0.021198
160,1031,80,40,0,0,80,80,0.057579,2.331955
120,13,60,40,3,13,94,13,0.027061,0.021198
160,1031,80,40,1,0,78,82,0.058569,2.369867
160,1031,120,40,8,19,137,4,0.027750,3.136485
160,1031,80,40,2,0,80,80,0.057579,2.331955
160,1031,80,40,9,0,79,81,0.058067,2.350989
160,1031,120,40,4,19,135,6,0.027781,3.187860
120,13,60,40,4,14,92,14,0.027649,0.021198
160,1031,120,40,5,19,135,6,0.027781,3.187860
120,13,90,40,0,45,75,0,0.026999,0.539989
160,1031,80,40,8,0,79,81,0.058067,2.350989
160,1031,80,40,6,0,80,80,0.057579,2.331955
120,13,90,40,2,45,72,3,0.027056,0.616887
120,13,90,40,1,45,75,0,0.026999,0.539989
160,1031,120,40,7,19,138,3,0.027739,3.110265
120,13,90,40,3,45,69,6,0.027200,0.688157
120,13,60,40,5,14,93,13,0.027580,0.000000
120,13,60,40,6,14,93,13,0.027580,0.000000
120,13,90,40,4,45,75,0,0.026999,0.539989
120,13,90,40,7,45,75,0,0.026999,0.539989
160,1031,80,40,3,0,80,80,0.057579,2.331955
120,13,60,40,7,17,86,17,0.029579,0.021198
160,1031,120,40,9,19,135,6,0.027781,3.187860
120,13,90,40,6,45,75,0,0.026999,0.539989
120,13,90,40,5,45,75,0,0.026999,0.539989
120,13,90,40,9,45,75,0,0.026999,0.539989
120,13,90,40,8,45,71,4,0.027095,0.641237
160,1031,80,40,5,0,79,81,0.058067,2.350989
160,1031,80,40,4,0,79,81,0.058067,2.350989
120,13,60,40,8,15,91,14,0.028186,0.000000
160,1031,80,40,7,0,79,81,0.058067,2.350989
120,31,90,40,1,33,87,0,0.026912,1.092632
120,31,90,40,2,33,83,4,0.026983,1.194430
120,31,90,40,3,34,86,0,0.027538,1.065720
120,31,90,40,5,33,87,0,0.026912,1.092632
120,31,90,40,0,33,83,4,0.026983,1.194430
120,31,90,40,6,33,86,1,0.026919,1.118940
120,13,60,40,9,13,95,12,0.026999,0.000000
120,31,90,40,4,34,82,4,0.027612,1.169820
120,31,90,40,8,33,87,0,0.026912,1.092632
120,31,90,40,7,33,87,0,0.026912,1.092632
120,31,90,40,9,34,85,1,0.027545,1.092632
120,31,60,40,6,0,106,14,0.028797,0.381554
120,31,60,40,9,0,108,12,0.028688,0.335653
120,31,60,40,2,0,108,12,0.028688,0.335653
120,31,60,40,1,0,103,17,0.028991,0.447911
120,31,60,40,0,0,107,13,0.028740,0.358775
120,31,60,40,4,0,105,15,0.028857,0.403998
120,31,60,40,7,0,106,14,0.028797,0.381554
120,31,60,40,3,0,106,14,0.028797,0.381554
120,127,90,40,0,17,103,0,0.027133,2.049464
120,31,60,40,5,0,108,12,0.028688,0.335653
120,31,60,40,8,0,106,14,0.028797,0.381554
120,127,60,40,2,0,63,57,0.051837,1.578443
120,127,60,40,6,0,63,57,0.051837,1.578443
120,127,60,40,1,0,63,57,0.051837,1.578443
120,127,90,40,3,17,98,5,0.027209,2.177662
120,127,60,40,8,0,62,58,0.052379,1.596687
120,127,90,40,2,18,99,3,0.027697,2.102194
120,127,90,40,1,17,100,3,0.027164,2.127820
120,127,90,40,7,17,101,2,0.027148,2.102194
120,127,60,40,0,0,63,57,0.051837,1.578443
120,127,60,40,3,0,62,58,0.052379,1.596687
120,127,90,40,5,17,99,4,0.027184,2.152972
120,127,60,40,9,0,62,58,0.052379,1.596687
120,127,90,40,8,17,99,4,0.027184,2.152972
120,127,60,40,5,0,64,56,0.051316,1.559992
120,127,90,40,6,17,98,5,0.027209,2.177662
120,127,60,40,4,0,63,57,0.051837,1.578443
120,127,90,40,9,16,101,3,0.026646,2.152972
120,127,90,40,4,17,99,4,0.027184,2.152972
120,127,60,40,7,0,62,58,0.052379,1.596687
320,13,160,20,0,112,97,111,0.026443,0.000000
320,13,160,20,1,115,91,114,0.028186,0.000000
320,13,160,20,2,107,107,106,0.023971,0.000000
320,13,160,20,3,106,109,105,0.023532,0.000000
320,13,160,20,4,106,109,105,0.023532,0.000000
320,13,160,20,5,108,104,108,0.024586,0.007990
120,1031,60,40,1,0,37,83,0.110307,2.856941
320,13,160,20,6,106,108,106,0.023676,0.007990
320,13,160,20,7,158,5,157,0.512990,0.000000
320,13,240,20,0,203,74,43,0.034446,0.015931
320,13,160,20,8,121,79,120,0.032468,0.000000
320,13,160,20,9,108,104,108,0.024586,0.007990
120,1031,60,40,5,0,37,83,0.110307,2.856941
320,13,240,20,1,204,73,43,0.035136,0.000000
120,1031,60,40,3,0,37,83,0.110307,2.856941
120,1031,60,40,6,0,37,83,0.110307,2.856941
120,1031,90,40,0,0,105,15,0.029152,3.877277
120,1031,60,40,0,0,38,82,0.107933,2.836836
320,13,240,20,2,200,80,40,0.031863,0.015931
120,1031,90,40,7,0,103,17,0.029288,3.921639
320,13,240,20,3,196,88,36,0.028966,0.015931
320,13,240,20,4,198,84,38,0.030345,0.015931
320,13,240,20,5,197,87,36,0.029482,0.000000
120,1031,60,40,2,0,37,83,0.110307,2.856941
320,13,240,20,6,201,78,41,0.032680,0.015931
320,13,240,20,7,200,81,39,0.031666,0.000000
320,13,240,20,8,196,89,35,0.028820,0.000000
320,13,240,20,9,214,53,53,0.048395,0.000000
120,1031,60,40,9,0,37,83,0.110307,2.856941
120,1031,60,40,4,0,37,83,0.110307,2.856941
120,1031,90,40,5,0,102,18,0.029362,3.943342
120,1031,90,40,4,0,103,17,0.029288,3.921639
120,1031,60,40,8,0,37,83,0.110307,2.856941
320,31,160,20,0,103,114,103,0.030029,0.010698
120,1031,90,40,3,0,104,16,0.029218,3.899620
320,31,160,20,1,136,49,135,0.070081,0.000000
120,1031,90,40,2,0,105,15,0.029152,3.877277
120,1031,90,40,6,0,105,15,0.029152,3.877277
320,31,160,20,2,107,106,107,0.032295,0.010698
320,31,160,20,3,121,79,120,0.043468,0.000000
320,31,160,20,4,120,80,120,0.042791,0.010698
120,1031,60,40,7,0,37,83,0.110307,2.856941
120,1031,90,40,1,0,105,15,0.029152,3.877277
120,1031,90,40,8,0,104,16,0.029218,3.899620
320,31,160,20,7,105,111,104,0.030937,0.000000
120,1031,90,40,9,0,106,14,0.029091,3.854602
320,31,160,20,5,103,114,103,0.030029,0.010698
320,31,160,20,6,105,111,104,0.030937,0.000000
320,31,160,20,9,104,113,103,0.030389,0.000000
320,31,160,20,8,104,112,104,0.030565,0.010698
320,31,240,20,1,189,103,28,0.033340,0.000000
320,31,240,20,0,188,104,28,0.032814,0.021329
320,31,240,20,3,189,103,28,0.033340,0.000000
320,31,240,20,5,192,97,31,0.035402,0.000000
320,31,240,20,2,193,95,32,0.036147,0.000000
320,31,240,20,8,189,102,29,0.033457,0.021329
320,31,240,20,4,188,105,27,0.032705,0.000000
320,31,240,20,6,190,100,30,0.034127,0.021329
320,31,240,20,7,187,106,27,0.032195,0.021329
320,31,240,20,9,188,105,27,0.032705,0.000000
320,127,160,20,1,104,112,104,0.043117,0.015082
320,127,160,20,2,118,84,118,0.057489,0.015091
320,127,160,20,7,126,69,125,0.070206,0.000001
320,127,240,20,0,171,136,13,0.034963,0.089157
320,127,240,20,5,171,139,10,0.034850,0.000000
320,127,160,20,0,92,136,92,0.035508,0.015056
320,127,240,20,1,172,136,12,0.035398,0.030088
320,127,160,20,4,100,121,99,0.040035,0.000001
320,127,160,20,3,93,134,93,0.036038,0.015090
320,127,160,20,6,102,116,102,0.041630,0.015086
320,127,160,20,8,96,128,96,0.037727,0.015074
320,127,240,20,4,171,137,12,0.034922,0.059805
320,127,160,20,9,157,6,157,0.804850,0.015089
320,127,240,20,2,171,138,11,0.034885,0.030088
320,127,240,20,3,170,141,9,0.034356,0.000000
320,127,240,20,6,171,137,12,0.034922,0.059805
320,127,240,20,7,171,138,11,0.034885,0.030088
320,127,240,20,9,171,136,13,0.034963,0.089157
320,127,240,20,8,170,141,9,0.034356,0.000000
256,13,128,20,0,99,59,98,0.043474,0.000000
256,13,128,20,2,89,78,89,0.032756,0.009980
256,13,128,20,1,98,61,97,0.042048,0.000000
256,13,128,20,3,94,69,93,0.037173,0.000000
256,13,128,20,5,92,73,91,0.035136,0.000000
256,13,128,20,4,89,78,89,0.032756,0.009980
256,13,128,20,8,115,26,115,0.098268,0.009980
256,13,192,20,0,169,46,41,0.055328,0.019883
256,13,128,20,6,100,57,99,0.044999,0.000000
256,13,128,20,9,123,10,123,0.255497,0.009980
256,13,128,20,7,123,10,123,0.255497,0.009980
256,13,192,20,1,162,61,33,0.042048,0.000000
256,13,192,20,2,151,83,22,0.030903,0.000000
256,13,192,20,3,167,50,39,0.050901,0.019883
256,13,192,20,4,158,69,29,0.037173,0.000000
256,13,192,20,5,165,54,37,0.047131,0.019883
256,13,192,20,6,162,61,33,0.042048,0.000000
256,13,192,20,8,162,61,33,0.042048,0.000000
256,13,192,20,7,168,48,40,0.053022,0.019883
256,13,192,20,9,167,50,39,0.050901,0.019883
256,31,128,20,2,78,101,77,0.034000,0.000000
256,31,128,20,3,74,108,74,0.031672,0.013362
256,31,128,20,1,74,108,74,0.031672,0.013362
256,31,128,20,0,94,69,93,0.049768,0.000000
256,31,128,20,6,77,102,77,0.033536,0.013362
256,31,128,20,4,75,107,74,0.032093,0.000000
256,31,128,20,7,74,109,73,0.031504,0.000000
256,31,128,20,5,74,108,74,0.031672,0.013362
256,31,192,20,0,141,102,13,0.033406,0.026620
256,31,128,20,9,77,103,76,0.033340,0.000000
256,31,128,20,8,87,83,86,0.041373,0.000000
256,31,192,20,1,141,103,12,0.033340,0.000000
256,31,192,20,2,138,109,9,0.031504,0.000000
320,1031,240,20,0,143,166,11,0.035384,1.064604
256,31,192,20,3,140,104,12,0.032763,0.026620
256,31,192,20,7,138,109,9,0.031504,0.000000
256,31,192,20,4,139,106,11,0.032145,0.026620
256,31,192,20,5,140,104,12,0.032763,0.026620
256,31,192,20,9,140,104,12,0.032763,0.026620
256,31,192,20,6,140,105,11,0.032705,0.000000
320,1031,240,20,8,143,169,8,0.035316,0.969868
256,31,192,20,8,139,106,11,0.032145,0.026620
320,1031,240,20,3,145,162,13,0.036257,1.064604
320,1031,240,20,5,143,169,8,0.035316,0.969868
320,1031,240,20,4,145,162,13,0.036257,1.064604
256,127,128,20,1,108,41,107,0.118151,0.000000
320,1031,240,20,1,144,162,14,0.035878,1.126109
320,1031,240,20,2,145,161,14,0.036290,1.095519
320,1031,240,20,6,145,161,14,0.036290,1.095519
256,127,128,20,3,109,38,109,0.126983,0.018849
320,1031,240,20,7,145,162,13,0.036257,1.064604
256,127,128,20,2,65,127,64,0.038143,0.000000
320,1031,240,20,9,143,166,11,0.035384,1.064604
256,127,128,20,7,63,131,62,0.036979,0.000000
256,127,128,20,0,126,5,125,0.968837,0.000004
256,127,192,20,5,120,128,8,0.033408,0.567939
256,127,192,20,0,120,131,5,0.033333,0.477596
256,127,192,20,3,120,126,10,0.033477,0.626119
256,127,192,20,2,119,128,9,0.032954,0.626119
256,127,128,20,4,58,140,58,0.034467,0.018849
256,127,192,20,1,119,134,3,0.032818,0.446627
256,127,192,20,4,120,126,10,0.033477,0.626119
256,127,128,20,5,111,35,110,0.138405,0.000000
256,127,128,20,8,105,47,104,0.103068,0.000002
256,127,128,20,9,60,136,60,0.035480,0.018848
256,127,192,20,6,119,132,5,0.032849,0.508132
256,127,192,20,7,120,127,9,0.033441,0.597229
256,127,128,20,6,102,52,102,0.092795,0.018839
200,13,100,20,0,100,1,99,2.564949,0.000000
200,13,100,20,1,58,85,57,0.030176,0.000000
256,127,192,20,8,120,125,11,0.033517,0.654620
256,127,192,20,9,120,127,9,0.033441,0.597229
200,13,100,20,2,83,34,83,0.075064,0.012761
200,13,100,20,3,85,31,84,0.082740,0.000000
200,13,100,20,5,54,92,54,0.027741,0.012761
200,13,100,20,4,98,5,97,0.512990,0.000000
200,13,100,20,6,95,11,94,0.233177,0.000000
200,13,100,20,7,64,72,64,0.035447,0.012761
200,13,100,20,8,97,7,96,0.366421,0.000000
200,13,100,20,9,62,76,62,0.033581,0.012761
200,13,150,20,0,110,80,10,0.031744,0.025396
200,13,150,20,1,108,85,7,0.030176,0.000000
200,13,150,20,2,107,87,6,0.029482,0.000000
200,13,150,20,3,111,78,11,0.032558,0.025396
200,13,150,20,4,109,82,9,0.030970,0.025396
256,1031,192,20,1,97,151,8,0.035009,1.651972
200,13,150,20,5,108,85,7,0.030176,0.000000
256,1031,192,20,2,98,147,11,0.035538,1.714164
200,13,150,20,6,109,82,9,0.030970,0.025396
200,13,150,20,7,110,80,10,0.031744,0.025396
200,13,150,20,8,108,85,7,0.030176,0.000000
200,13,150,20,9,108,85,7,0.030176,0.000000
256,1031,192,20,3,97,147,12,0.035125,1.774910
256,1031,192,20,0,98,147,11,0.035538,1.714164
256,1031,192,20,5,98,147,11,0.035538,1.714164
256,1031,192,20,4,97,148,11,0.035092,1.744715
256,1031,192,20,8,96,149,11,0.034654,1.774910
256,1031,192,20,7,98,146,12,0.035572,1.744715
256,1031,192,20,9,98,147,11,0.035538,1.714164
256,1031,192,20,6,96,151,9,0.034597,1.714164
200,31,100,20,0,61,79,60,0.043468,0.000000
200,31,100,20,1,69,62,69,0.055111,0.017085
200,31,100,20,3,82,37,81,0.092810,0.000000
200,31,100,20,4,76,49,75,0.070081,0.000000
200,31,100,20,2,68,64,68,0.053389,0.017085
200,31,150,20,0,95,99,6,0.030970,0.367927
200,31,100,20,5,78,45,77,0.076311,0.000000
200,31,150,20,1,95,101,4,0.030909,0.312181
256,1031,128,20,7,41,174,41,0.039720,0.026987
200,31,150,20,2,94,106,0,0.030277,0.224653
200,31,100,20,6,64,72,64,0.047457,0.017085
200,31,150,20,4,96,97,7,0.031609,0.367927
200,31,150,20,3,95,100,5,0.030937,0.340305
200,31,100,20,7,53,94,53,0.036350,0.017085
200,31,100,20,8,47,106,47,0.032235,0.017085
200,31,150,20,6,95,99,6,0.030970,0.367927
200,31,150,20,5,95,100,5,0.030937,0.340305
200,31,150,20,7,96,97,7,0.031609,0.367927
200,31,100,20,9,73,55,72,0.062436,0.000000
200,31,150,20,8,95,105,0,0.030853,0.194377
200,31,150,20,9,95,102,3,0.030887,0.283540
256,1031,128,20,8,43,171,42,0.040575,0.000027
256,1031,128,20,3,42,172,42,0.040182,0.026951
256,1031,128,20,5,39,179,38,0.038761,0.000006
200,127,150,20,1,78,116,6,0.032372,1.089003
200,127,150,20,0,77,123,0,0.031761,0.937585
200,127,150,20,3,77,118,5,0.031824,1.089003
200,127,150,20,2,77,119,4,0.031803,1.059666
200,127,150,20,4,77,117,6,0.031849,1.117889
200,127,150,20,6,78,114,8,0.032437,1.146334
200,127,150,20,5,78,116,6,0.032372,1.089003
200,127,150,20,7,78,113,9,0.032476,1.174348
200,127,150,20,8,78,114,8,0.032437,1.146334
200,127,150,20,9,78,116,6,0.032372,1.089003
200,127,100,20,4,37,126,37,0.038255,0.024100
200,127,100,20,0,52,97,51,0.049940,0.000000
200,127,100,20,9,34,133,33,0.036422,0.000000
200,127,100,20,2,48,104,48,0.046347,0.024100
200,127,100,20,3,49,102,49,0.047256,0.024100
200,127,100,20,8,35,130,35,0.037078,0.024100
200,127,100,20,6,33,135,32,0.035883,0.000000
200,127,100,20,1,38,124,38,0.038872,0.024100
200,127,100,20,7,33,134,33,0.035971,0.024100
200,127,100,20,5,43,115,42,0.042123,0.000000
160,13,80,20,0,79,2,79,1.274509,0.015931
160,13,80,20,1,71,19,70,0.134997,0.000000
160,13,80,20,2,54,53,53,0.048395,0.000000
160,13,80,20,3,79,2,79,1.274509,0.015931
160,13,80,20,4,45,71,44,0.036126,0.000000
160,13,80,20,5,78,4,78,0.637254,0.015931
160,13,80,20,6,53,55,52,0.046635,0.000000
160,13,80,20,7,53,55,52,0.046635,0.000000
200,1031,150,20,0,56,138,6,0.033296,2.343394
200,1031,150,20,1,58,130,12,0.034433,2.461972
200,1031,150,20,2,56,136,8,0.033344,2.403458
160,13,120,20,0,77,83,0,0.029431,0.122140
160,13,120,20,1,77,79,4,0.029516,0.233177
160,13,80,20,8,80,1,79,2.564949,0.000000
160,13,80,20,9,79,2,79,1.274509,0.015931
200,1031,150,20,3,59,130,11,0.034883,2.403458
160,13,120,20,2,77,82,1,0.029440,0.150879
160,13,120,20,3,77,80,3,0.029482,0.206375
200,1031,150,20,5,57,134,9,0.033842,2.403458
200,1031,150,20,4,57,136,7,0.033786,2.343394
160,13,120,20,4,77,83,0,0.029431,0.122140
200,1031,150,20,9,57,135,8,0.033812,2.373624
160,13,120,20,5,76,84,0,0.028739,0.150879
200,1031,150,20,8,57,134,9,0.033842,2.403458
200,1031,150,20,7,57,134,9,0.033842,2.403458
200,1031,150,20,6,56,135,9,0.033373,2.432905
160,13,120,20,6,76,84,0,0.028739,0.150879
160,13,120,20,7,78,77,5,0.030283,0.233177
160,13,120,20,9,76,84,0,0.028739,0.150879
160,13,120,20,8,76,84,0,0.028739,0.150879
200,1031,100,20,0,7,177,16,0.037333,0.330395
200,1031,100,20,1,8,180,12,0.037606,0.169227
160,31,120,20,0,65,95,0,0.030123,0.572331
160,31,120,20,1,64,96,0,0.029502,0.601833
160,31,120,20,2,65,89,6,0.030262,0.740664
200,1031,100,20,2,7,179,14,0.037271,0.266857
160,31,80,20,0,50,60,50,0.056878,0.021329
160,31,120,20,3,64,96,0,0.029502,0.601833
160,31,80,20,1,36,89,35,0.038584,0.000000
160,31,80,20,2,48,65,47,0.052831,0.000000
160,31,120,20,4,65,90,5,0.030222,0.713997
160,31,80,20,4,51,58,51,0.058839,0.021329
160,31,80,20,3,28,104,28,0.032814,0.021329
160,31,80,20,5,44,72,44,0.047398,0.021329
160,31,120,20,5,65,90,5,0.030222,0.713997
160,31,80,20,7,37,87,36,0.039471,0.000000
160,31,80,20,8,42,77,41,0.044597,0.000000
160,31,80,20,6,45,71,44,0.048366,0.000000
200,1031,100,20,4,6,180,14,0.036886,0.298778
160,31,80,20,9,35,91,34,0.037736,0.000000
200,1031,100,20,3,6,179,15,0.036916,0.330394
200,1031,100,20,9,8,177,15,0.037692,0.266857
160,31,120,20,6,65,90,5,0.030222,0.713997
200,1031,100,20,7,7,179,14,0.037271,0.266857
200,1031,100,20,6,7,179,14,0.037271,0.266857
200,1031,100,20,8,6,180,14,0.036886,0.298778
200,1031,100,20,5,7,178,15,0.037301,0.298778
160,31,120,20,8,65,94,1,0.030129,0.601833
160,31,120,20,9,65,92,3,0.030162,0.659048
160,31,120,20,7,65,91,4,0.030189,0.686797
160,127,120,20,1,50,103,7,0.031885,1.559992
160,127,120,20,0,50,103,7,0.031885,1.559992
160,127,120,20,2,49,105,6,0.031278,1.559992
160,127,120,20,3,49,111,0,0.031172,1.384053
160,127,120,20,4,49,111,0,0.031172,1.384053
160,127,120,20,5,50,103,7,0.031885,1.559992
160,127,120,20,8,50,102,8,0.031927,1.587591
160,127,120,20,7,49,111,0,0.031172,1.384053
160,127,120,20,9,49,106,5,0.031248,1.531922
160,127,120,20,6,49,107,4,0.031223,1.503368
160,127,80,20,1,13,135,12,0.035883,0.000000
160,127,80,20,0,10,139,11,0.034420,0.059805
160,127,80,20,2,10,141,9,0.034356,0.000000
160,127,80,20,8,11,139,10,0.034850,0.000000
160,127,80,20,7,12,135,13,0.035440,0.059805
160,127,80,20,5,10,140,10,0.034386,0.030088
160,127,80,20,4,12,136,12,0.035398,0.030088
160,127,80,20,9,11,138,11,0.034885,0.030088
160,127,80,20,3,10,140,10,0.034386,0.030088
160,127,80,20,6,11,138,11,0.034885,0.030088
120,13,60,20,2,19,83,18,0.030903,0.000000
120,13,60,20,0,19,82,19,0.031021,0.021198
120,13,60,20,1,18,84,18,0.030283,0.021198
120,13,60,20,3,27,66,27,0.038542,0.021198
120,13,60,20,4,29,62,29,0.041028,0.021198
120,13,60,20,5,22,76,22,0.033470,0.021198
120,13,60,20,7,19,83,18,0.030903,0.000000
120,13,60,20,6,25,71,24,0.036126,0.000000
160,1031,120,20,0,31,121,8,0.033241,2.916091
160,1031,120,20,1,31,121,8,0.033241,2.916091
120,13,90,20,0,48,68,4,0.029392,0.566288
160,1031,120,20,2,30,122,8,0.032732,2.945027
120,13,90,20,1,48,69,3,0.029347,0.539989
160,1031,120,20,3,30,125,5,0.032651,2.856941
120,13,60,20,8,17,86,17,0.029579,0.021198
120,13,60,20,9,30,60,30,0.042396,0.021198
120,13,90,20,2,48,68,4,0.029392,0.566288
160,1031,120,20,4,30,121,9,0.032766,2.973550
160,1031,120,20,5,30,122,8,0.032732,2.945027
120,13,90,20,3,47,73,0,0.028489,0.485261
160,1031,80,20,1,0,106,54,0.048711,1.774910
160,1031,80,20,0,0,109,51,0.048041,1.701843
160,1031,80,20,2,0,108,52,0.048258,1.726428
120,13,90,20,6,47,70,3,0.028552,0.566288
120,13,90,20,5,47,73,0,0.028489,0.485261
120,13,90,20,4,47,73,0,0.028489,0.485261
160,1031,80,20,3,0,108,52,0.048258,1.726428
120,13,90,20,7,48,68,4,0.029392,0.566288
160,1031,120,20,6,30,123,7,0.032701,2.916091
120,13,90,20,8,47,72,1,0.028499,0.512990
160,1031,120,20,7,30,124,6,0.032674,2.886732
160,1031,120,20,8,30,124,6,0.032674,2.886732
160,1031,120,20,9,30,122,8,0.032732,2.945027
120,13,90,20,9,47,71,2,0.028521,0.539989
120,31,90,20,0,36,80,4,0.028938,1.118940
120,31,90,20,2,36,84,0,0.028857,1.009996
120,31,90,20,1,37,78,5,0.029680,1.118940
120,31,60,20,0,7,105,8,0.032168,0.056295
120,31,60,20,1,6,108,6,0.031533,0.028380
120,31,60,20,4,6,108,6,0.031533,0.028380
120,31,90,20,3,38,77,5,0.030407,1.092632
120,31,90,20,5,37,81,2,0.029578,1.038182
120,31,60,20,5,6,109,5,0.031504,0.000000
120,31,90,20,4,36,84,0,0.028857,1.009996
120,31,90,20,7,36,83,1,0.028865,1.038182
120,31,60,20,3,7,105,8,0.032168,0.056295
120,31,90,20,6,37,78,5,0.029680,1.118940
120,31,60,20,7,7,107,6,0.032093,0.000000
120,31,60,20,2,7,105,8,0.032168,0.056295
120,31,60,20,6,6,107,7,0.031567,0.056295
120,31,60,20,8,6,109,5,0.031504,0.000000
120,31,60,20,9,6,109,5,0.031504,0.000000
160,1031,80,20,5,0,107,53,0.048481,1.750782
160,1031,80,20,4,0,109,51,0.048041,1.701843
160,1031,80,20,9,0,107,53,0.048481,1.750782
160,1031,80,20,8,0,105,55,0.048947,1.798814
120,31,90,20,8,37,79,4,0.029637,1.092632
120,31,90,20,9,36,84,0,0.028857,1.009996
160,1031,80,20,6,0,107,53,0.048481,1.750782
160,1031,80,20,7,0,107,53,0.048481,1.750782
120,127,90,20,1,23,92,5,0.030672,2.022331
120,127,90,20,4,23,93,4,0.030640,1.994665
120,127,90,20,0,22,94,4,0.030020,2.022331
120,127,90,20,5,23,91,6,0.030711,2.049464
120,127,90,20,2,23,91,6,0.030711,2.049464
120,127,90,20,3,22,95,3,0.029995,1.994665
120,127,90,20,6,23,91,6,0.030711,2.049464
120,127,90,20,7,23,92,5,0.030672,2.022331
120,127,90,20,8,23,93,4,0.030640,1.994665
120,127,90,20,9,23,91,6,0.030711,2.049464
120,127,60,20,0,0,79,41,0.045421,1.255900
120,127,60,20,1,0,81,39,0.044854,1.211047
120,127,60,20,2,0,80,40,0.045132,1.233613
120,127,60,20,6,0,80,40,0.045132,1.233613
120,127,60,20,3,0,80,40,0.045132,1.233613
120,127,60,20,7,0,82,38,0.044585,1.188197
120,127,60,20,5,0,81,39,0.044854,1.211047
120,127,60,20,4,0,80,40,0.045132,1.233613
120,127,60,20,9,0,80,40,0.045132,1.233613
120,127,60,20,8,0,80,40,0.045132,1.233613
120,1031,60,20,1,0,47,73,0.091313,2.646562
120,1031,90,20,0,6,109,5,0.031827,3.469142
120,1031,90,20,1,6,107,7,0.031890,3.526013
120,1031,60,20,0,0,48,72,0.089874,2.624325
120,1031,60,20,2,0,48,72,0.089874,2.624325
120,1031,60,20,3,0,47,73,0.091313,2.646562
120,1031,90,20,3,5,113,2,0.031221,3.410343
120,1031,90,20,2,5,115,0,0.031207,3.349517
120,1031,90,20,4,5,109,6,0.031305,3.526013
120,1031,90,20,7,6,107,7,0.031890,3.526013
120,1031,90,20,8,6,108,6,0.031856,3.497813
120,1031,90,20,5,6,106,8,0.031930,3.553755
120,1031,90,20,6,5,115,0,0.031207,3.349517
120,1031,90,20,9,5,110,5,0.031277,3.497813
120,1031,60,20,4,0,47,73,0.091313,2.646562
120,1031,60,20,6,0,47,73,0.091313,2.646562
120,1031,60,20,8,0,48,72,0.089874,2.624325
120,1031,60,20,5,0,47,73,0.091313,2.646562
120,1031,60,20,9,0,48,72,0.089874,2.624325
120,1031,60,20,7,0,47,73,0.091313,2.646562
320,13,160,2,0,113,94,113,0.027202,0.007990
320,13,160,2,2,117,86,117,0.029732,0.007990
320,13,160,2,1,114,93,113,0.027580,0.000000
320,13,160,2,3,111,98,111,0.026091,0.007990
320,13,240,2,0,205,71,44,0.036126,0.000000
320,13,240,2,1,212,57,51,0.044999,0.000000
320,13,240,2,3,208,65,47,0.039461,0.000000
320,13,240,2,4,217,47,56,0.054573,0.000000
320,13,160,2,5,143,35,142,0.073284,0.000000
320,13,240,2,2,206,69,45,0.037173,0.000000
320,13,240,2,5,208,64,48,0.039828,0.015931
320,13,240,2,7,205,71,44,0.036126,0.000000
320,13,240,2,8,215,50,55,0.050980,0.015931
320,13,160,2,4,111,98,111,0.026091,0.007990
320,13,160,2,9,119,83,118,0.030903,0.000000
320,13,240,2,6,208,65,47,0.039461,0.000000
320,13,240,2,9,207,66,47,0.038621,0.015931
320,13,160,2,8,113,94,113,0.027202,0.007990
320,13,160,2,6,125,71,124,0.036126,0.000000
320,13,160,2,7,120,80,120,0.031962,0.007990
320,31,160,2,2,159,2,159,1.711645,0.010698
320,31,160,2,0,113,94,113,0.036418,0.010698
320,31,160,2,4,114,92,114,0.037210,0.010698
320,31,160,2,3,112,97,111,0.035402,0.000000
320,31,160,2,6,117,87,116,0.039471,0.000000
320,31,160,2,1,114,93,113,0.036925,0.000000
320,31,160,2,5,111,98,111,0.034932,0.010698
320,31,160,2,9,121,78,121,0.043888,0.010698
320,31,160,2,8,113,94,113,0.036418,0.010698
320,31,160,2,7,149,23,148,0.149304,0.000000
320,31,240,2,9,203,75,42,0.045786,0.000000
320,31,240,2,2,196,89,35,0.038584,0.000000
320,31,240,2,1,201,78,41,0.043752,0.021329
320,31,240,2,3,202,77,41,0.044597,0.000000
320,31,240,2,4,200,81,39,0.042395,0.000000
320,31,240,2,0,198,84,38,0.040627,0.021329
320,31,240,2,8,202,77,41,0.044597,0.000000
320,31,240,2,5,200,80,40,0.042658,0.021329
320,31,240,2,6,201,78,41,0.043752,0.021329
320,31,240,2,7,197,86,37,0.039682,0.021329
320,127,160,2,1,101,118,101,0.040925,0.015089
320,127,160,2,2,151,19,150,0.254957,0.000000
320,127,160,2,8,106,109,105,0.044442,0.000000
320,127,160,2,6,135,51,134,0.094984,0.000001
320,127,160,2,4,114,92,114,0.052490,0.015091
320,127,160,2,0,154,12,154,0.402425,0.015091
320,127,160,2,5,114,93,113,0.052088,0.000000
320,127,160,2,7,150,20,150,0.241455,0.015091
320,127,160,2,9,106,108,106,0.044714,0.015091
320,127,160,2,3,116,89,115,0.054429,0.000000
320,127,240,2,2,196,89,35,0.054429,0.000000
320,127,240,2,4,184,113,23,0.042869,0.000000
320,127,240,2,0,201,78,41,0.061719,0.030088
320,127,240,2,1,188,105,27,0.046135,0.000000
320,127,240,2,5,193,94,33,0.051214,0.030088
320,127,240,2,9,186,109,25,0.044442,0.000000
320,127,240,2,8,184,113,23,0.042869,0.000000
320,127,240,2,3,184,112,24,0.042983,0.030088
320,127,240,2,6,186,108,26,0.044575,0.030088
320,127,240,2,7,192,96,32,0.050147,0.030088
256,13,128,2,0,90,76,90,0.033618,0.009980
256,13,128,2,3,91,75,90,0.034199,0.000000
256,13,128,2,1,98,61,97,0.042048,0.000000
256,13,128,2,2,104,49,103,0.052346,0.000000
256,13,128,2,4,95,67,94,0.038283,0.000000
256,13,128,2,5,99,58,99,0.044051,0.009980
256,13,128,2,6,99,58,99,0.044051,0.009980
256,13,128,2,7,104,48,104,0.053229,0.009980
256,13,128,2,8,99,59,98,0.043474,0.000000
256,13,192,2,0,174,36,46,0.070696,0.019883
256,13,128,2,9,121,14,121,0.182498,0.009980
256,13,192,2,1,176,33,47,0.077726,0.000000
256,13,192,2,2,191,3,62,0.854983,0.000000
256,13,192,2,4,165,55,36,0.046635,0.000000
256,13,192,2,5,191,3,62,0.854983,0.000000
256,13,192,2,3,182,21,53,0.122140,0.000000
320,1031,160,2,6,87,147,86,0.047195,0.000618
256,13,192,2,6,165,54,37,0.047131,0.019883
256,13,192,2,7,189,6,61,0.424178,0.019883
256,13,192,2,8,187,10,59,0.254507,0.019883
256,13,192,2,9,190,4,62,0.636267,0.019883
320,1031,160,2,4,148,25,147,0.277525,0.000162
256,31,128,2,1,86,84,86,0.040722,0.013362
256,31,128,2,0,85,87,84,0.039471,0.000000
256,31,128,2,3,90,76,90,0.045008,0.013362
256,31,128,2,2,90,76,90,0.045008,0.013362
256,31,128,2,4,83,90,83,0.038007,0.013362
256,31,128,2,5,85,87,84,0.039471,0.000000
256,31,128,2,7,90,76,90,0.045008,0.013362
256,31,128,2,6,88,81,87,0.042395,0.000000
320,1031,240,2,1,163,148,9,0.044915,0.290826
320,1031,160,2,0,160,1,159,6.938191,0.000094
256,31,128,2,8,84,89,83,0.038584,0.000000
256,31,128,2,9,93,71,92,0.048366,0.000000
256,31,192,2,0,150,84,22,0.040564,0.026620
256,31,192,2,1,162,61,33,0.056295,0.000000
256,31,192,2,2,157,71,28,0.048366,0.000000
256,31,192,2,3,161,62,33,0.054958,0.026620
256,31,192,2,4,158,69,29,0.049768,0.000000
320,1031,160,2,3,79,163,78,0.042562,0.000741
256,31,192,2,5,154,77,25,0.044597,0.000000
256,31,192,2,6,152,80,24,0.042592,0.026620
256,31,192,2,7,157,71,28,0.048366,0.000000
256,31,192,2,8,153,78,25,0.043684,0.026620
256,31,192,2,9,151,83,22,0.041373,0.000000
320,1031,240,2,3,161,153,6,0.043709,0.250781
320,1031,240,2,5,161,149,10,0.043827,0.408134
320,1031,240,2,2,161,159,0,0.043637,0.000000
320,1031,160,2,7,111,98,111,0.070598,0.019664
256,127,128,2,1,114,29,113,0.167041,0.000000
256,127,128,2,0,71,115,70,0.042123,0.000000
320,1031,240,2,4,161,150,9,0.043792,0.369494
256,127,128,2,2,106,45,105,0.107649,0.000000
320,1031,240,2,0,159,150,11,0.042779,0.521374
256,127,128,2,6,114,28,114,0.172334,0.018849
256,127,128,2,4,73,110,73,0.043867,0.018849
256,127,128,2,3,97,63,96,0.076892,0.000000
256,127,128,2,7,100,57,99,0.084986,0.000000
256,127,128,2,5,77,102,77,0.047307,0.018849
256,127,192,2,0,140,105,11,0.046135,0.000000
256,127,128,2,8,114,28,114,0.172334,0.018849
256,127,128,2,9,105,47,104,0.103068,0.000000
256,127,192,2,1,136,111,9,0.042970,0.074526
320,1031,240,2,6,162,155,3,0.044210,0.085658
320,1031,240,2,7,164,151,5,0.045382,0.085658
256,127,192,2,4,137,110,9,0.043697,0.037552
256,127,192,2,2,134,112,10,0.041626,0.182112
256,127,192,2,3,138,107,11,0.044576,0.074526
256,127,192,2,5,138,105,13,0.044737,0.146794
320,1031,240,2,8,160,152,8,0.043216,0.369494
256,127,192,2,6,137,111,8,0.043641,0.000000
256,127,192,2,7,138,105,13,0.044737,0.146794
256,127,192,2,8,136,110,10,0.043030,0.110936
256,127,192,2,9,140,104,12,0.046218,0.037552
320,1031,240,2,9,159,151,10,0.042743,0.484066
200,13,100,2,0,92,17,91,0.150879,0.000000
200,13,100,2,1,92,17,91,0.150879,0.000000
200,13,100,2,2,99,3,98,0.854983,0.000000
200,13,100,2,3,98,4,98,0.638047,0.012761
200,13,100,2,4,99,3,98,0.854983,0.000000
200,13,100,2,5,66,69,65,0.037173,0.000000
200,13,100,2,6,74,53,73,0.048395,0.000000
200,13,100,2,7,85,31,84,0.082740,0.000000
200,13,100,2,8,99,2,99,1.276094,0.012761
200,13,100,2,9,66,68,66,0.037532,0.012761
200,13,150,2,0,130,40,30,0.063489,0.025396
200,13,150,2,1,127,47,26,0.054573,0.000000
200,13,150,2,2,137,26,37,0.097675,0.025396
200,13,150,2,3,140,20,40,0.126978,0.025396
200,13,150,2,4,130,41,29,0.062560,0.000000
200,13,150,2,5,130,40,30,0.063489,0.025396
200,13,150,2,6,132,36,32,0.070543,0.025396
200,13,150,2,7,135,31,34,0.082740,0.000000
200,13,150,2,8,133,35,32,0.073284,0.000000
200,13,150,2,9,140,20,40,0.126978,0.025396
200,31,100,2,1,59,82,59,0.041670,0.017085
200,31,100,2,2,59,83,58,0.041373,0.000000
200,31,100,2,0,69,63,68,0.054508,0.000000
200,31,100,2,3,76,48,76,0.071185,0.017085
200,31,100,2,5,74,52,74,0.065710,0.017085
200,31,100,2,4,65,70,65,0.048813,0.017085
200,31,100,2,6,71,59,70,0.058203,0.000000
256,1031,192,2,0,116,130,10,0.045242,1.056825
256,1031,192,2,2,116,134,6,0.045086,0.896785
256,1031,192,2,1,116,130,10,0.045242,1.056825
200,31,100,2,7,67,67,66,0.051254,0.000000
200,31,100,2,8,62,77,61,0.044597,0.000000
200,31,100,2,9,58,84,58,0.040677,0.017085
200,31,150,2,1,111,78,11,0.043590,0.034000
256,1031,192,2,4,119,125,12,0.047365,1.017615
200,31,150,2,0,109,83,8,0.041373,0.000000
256,1031,128,2,2,51,155,50,0.044763,0.000016
200,31,150,2,2,110,81,9,0.042395,0.000000
256,1031,192,2,5,115,131,10,0.044601,1.095519
256,1031,192,2,3,114,142,0,0.043736,0.727792
200,31,150,2,3,112,77,11,0.044597,0.000000
256,1031,128,2,3,53,150,53,0.046075,0.026979
256,1031,128,2,5,73,111,72,0.062506,0.000151
200,31,150,2,5,112,76,12,0.044737,0.034000
256,1031,128,2,0,88,80,88,0.086391,0.026995
256,1031,128,2,7,86,85,85,0.081623,0.000348
256,1031,192,2,7,116,133,7,0.045118,0.937606
256,1031,192,2,9,114,142,0,0.043736,0.727792
200,31,150,2,4,111,79,10,0.043468,0.000000
200,31,150,2,7,116,68,16,0.050000,0.034000
256,1031,192,2,6,113,139,4,0.043170,0.937606
256,1031,128,2,1,49,158,49,0.043742,0.026971
200,31,150,2,6,111,78,11,0.043590,0.034000
200,31,150,2,8,113,74,13,0.045946,0.034000
200,31,150,2,9,111,78,11,0.043590,0.034000
256,1031,128,2,6,58,141,57,0.049207,0.000134
256,1031,128,2,4,54,149,53,0.046566,0.000001
256,1031,192,2,8,112,134,10,0.042759,1.208604
256,1031,128,2,9,49,159,48,0.043636,0.000081
256,1031,128,2,8,54,149,53,0.046560,0.000869
200,127,100,2,3,55,91,54,0.053233,0.000000
200,127,100,2,2,52,97,51,0.049940,0.000000
200,127,150,2,1,96,98,6,0.044532,0.480055
200,127,100,2,0,75,50,75,0.096402,0.024100
200,127,100,2,1,56,89,55,0.054429,0.000000
200,127,150,2,2,94,99,7,0.042922,0.594900
200,127,100,2,4,66,69,65,0.070206,0.000000
200,127,150,2,5,98,92,10,0.046597,0.557296
200,127,150,2,3,93,107,0,0.041919,0.358829
200,127,150,2,7,95,101,4,0.043602,0.440381
200,127,150,2,8,95,100,5,0.043641,0.480055
200,127,150,2,6,93,99,8,0.042182,0.668164
200,127,150,2,0,93,101,6,0.042072,0.594900
200,127,150,2,4,95,96,9,0.043879,0.631850
200,127,100,2,5,90,20,90,0.241004,0.024100
200,127,150,2,9,95,105,0,0.043524,0.274199
200,127,100,2,9,81,38,81,0.126844,0.024100
200,127,100,2,6,48,105,47,0.046135,0.000000
200,127,100,2,8,66,68,66,0.070884,0.024100
200,127,100,2,7,48,104,48,0.046347,0.024100
160,13,80,2,0,65,30,65,0.084967,0.015931
160,13,80,2,2,79,2,79,1.274509,0.015931
160,13,80,2,1,67,26,67,0.098039,0.015931
160,13,80,2,3,79,2,79,1.274509,0.015931
160,13,80,2,4,56,49,55,0.052346,0.000000
160,13,80,2,6,69,22,69,0.115864,0.015931
160,13,80,2,5,50,60,50,0.042484,0.015931
160,13,80,2,7,63,34,63,0.074971,0.015931
160,13,80,2,8,79,2,79,1.274509,0.015931
160,13,80,2,9,63,35,62,0.073284,0.000000
160,13,120,2,0,90,61,9,0.042048,0.000000
160,13,120,2,1,91,59,10,0.043474,0.000000
160,13,120,2,2,91,59,10,0.043474,0.000000
160,13,120,2,3,89,63,8,0.040713,0.000000
160,13,120,2,4,90,61,9,0.042048,0.000000
160,13,120,2,5,90,61,9,0.042048,0.000000
160,13,120,2,7,93,55,12,0.046635,0.000000
160,13,120,2,6,89,63,8,0.040713,0.000000
160,13,120,2,9,92,57,11,0.044999,0.000000
160,13,120,2,8,90,61,9,0.042048,0.000000
160,31,80,2,1,41,78,41,0.043752,0.021329
160,31,80,2,0,70,20,70,0.170633,0.021329
160,31,80,2,2,69,23,68,0.149304,0.000000
200,1031,150,2,4,78,117,5,0.046329,1.517750
200,1031,150,2,3,76,120,4,0.044821,1.559769
200,1031,150,2,0,74,126,0,0.043359,1.475068
160,31,80,2,3,73,14,73,0.243761,0.021329
200,1031,150,2,5,74,126,0,0.043359,1.475068
200,1031,150,2,6,73,123,4,0.042734,1.682008
160,31,80,2,4,41,79,40,0.043468,0.000000
200,1031,150,2,2,72,121,7,0.042163,1.836605
160,31,120,2,0,78,78,4,0.040483,0.276298
160,31,80,2,5,72,17,71,0.201999,0.000000
200,1031,150,2,1,75,118,7,0.044210,1.721529
200,1031,150,2,7,74,121,5,0.043440,1.682008
160,31,80,2,6,70,20,70,0.170633,0.021329
160,31,80,2,7,48,65,47,0.052831,0.000000
160,31,80,2,8,46,68,46,0.050186,0.021329
160,31,80,2,9,40,80,40,0.042658,0.021329
200,1031,150,2,8,71,129,0,0.041373,1.601143
160,31,120,2,1,78,73,9,0.040905,0.447911
160,31,120,2,2,81,72,7,0.043857,0.276298
200,1031,150,2,9,73,127,0,0.042681,1.517750
160,31,120,2,4,82,71,7,0.044992,0.239581
160,31,120,2,3,82,70,8,0.045110,0.276298
160,31,120,2,5,80,80,0,0.042395,0.042395
160,31,120,2,6,81,76,3,0.043551,0.124120
160,31,120,2,8,80,75,5,0.042592,0.239581
160,31,120,2,7,79,81,0,0.041361,0.083756
200,1031,100,2,1,27,147,26,0.047199,0.000000
160,31,120,2,9,79,80,1,0.041373,0.124120
200,1031,100,2,0,25,150,25,0.046025,0.034519
160,127,120,2,0,70,78,12,0.048237,1.081712
160,127,80,2,1,43,75,42,0.064589,0.000000
160,127,120,2,2,66,88,6,0.043602,1.007207
160,127,120,2,1,70,81,9,0.047844,0.968837
160,127,120,2,3,67,83,10,0.044895,1.117889
160,127,80,2,0,28,104,28,0.046289,0.030088
160,127,80,2,4,43,75,42,0.064589,0.000000
160,127,80,2,8,46,68,46,0.070796,0.030088
160,127,120,2,4,65,87,8,0.042831,1.117889
160,127,80,2,2,26,109,25,0.044442,0.000000
160,127,80,2,6,37,87,36,0.055680,0.000000
160,127,80,2,7,30,101,29,0.047962,0.000000
200,1031,100,2,2,27,146,27,0.047286,0.034519
160,127,80,2,3,25,110,25,0.043765,0.030088
160,127,80,2,5,27,107,26,0.045273,0.000000
160,127,80,2,9,39,83,38,0.058364,0.000000
160,127,120,2,5,68,85,7,0.045592,0.968837
200,1031,100,2,6,31,139,30,0.049916,0.000000
160,127,120,2,6,66,86,8,0.043750,1.081712
200,1031,100,2,5,28,144,28,0.047943,0.034519
200,1031,100,2,8,28,144,28,0.047943,0.034519
200,1031,100,2,3,23,154,23,0.044830,0.034519
200,1031,100,2,4,22,157,21,0.044193,0.000000
200,1031,100,2,7,23,154,23,0.044830,0.034519
160,127,120,2,7,66,90,4,0.043494,0.929692
200,1031,100,2,9,29,142,29,0.048618,0.034519
160,127,120,2,8,66,86,8,0.043750,1.081712
160,127,120,2,9,65,87,8,0.042831,1.117889
120,13,60,2,0,51,19,50,0.134997,0.000000
120,13,60,2,1,37,46,37,0.055299,0.021198
120,13,60,2,2,40,40,40,0.063594,0.021198
120,13,60,2,3,58,4,58,0.635938,0.021198
120,13,60,2,4,49,23,48,0.111520,0.000000
120,13,60,2,6,30,61,29,0.042048,0.000000
120,13,60,2,5,35,50,35,0.050875,0.021198
120,13,60,2,7,54,12,54,0.211979,0.021198
120,13,90,2,0,60,52,8,0.042892,0.334559
120,13,60,2,8,49,23,48,0.111520,0.000000
120,13,60,2,9,57,7,56,0.366421,0.000000
120,13,90,2,1,58,59,3,0.039522,0.233177
120,13,90,2,4,62,56,2,0.045052,0.042048
120,13,90,2,3,60,60,0,0.042048,0.042048
120,13,90,2,2,60,57,3,0.042187,0.160309
120,13,90,2,6,59,55,6,0.041149,0.301759
120,13,90,2,5,58,55,7,0.039973,0.366421
120,13,90,2,8,59,58,3,0.040821,0.197304
120,13,90,2,7,59,61,0,0.040692,0.082740
120,13,90,2,9,60,60,0,0.042048,0.042048
160,1031,120,2,0,50,103,7,0.045669,2.234363
120,31,60,2,0,33,54,33,0.063067,0.028380
160,1031,120,2,1,47,107,6,0.043229,2.312761
120,31,60,2,1,32,57,31,0.060245,0.000000
120,31,60,2,2,30,61,29,0.056295,0.000000
160,1031,120,2,2,47,113,0,0.043088,2.069313
160,1031,120,2,3,48,105,7,0.044053,2.312761
160,1031,120,2,5,47,102,11,0.043534,2.497782
160,1031,120,2,8,50,99,11,0.045957,2.388590
160,1031,120,2,4,46,106,8,0.042573,2.425579
120,31,60,2,3,32,57,31,0.060245,0.000000
160,1031,120,2,7,46,105,9,0.042632,2.461972
120,31,60,2,4,30,61,29,0.056295,0.000000
160,1031,120,2,9,45,107,8,0.041835,2.461972
120,31,90,2,0,49,65,6,0.040639,0.792459
120,31,60,2,5,25,71,24,0.048366,0.000000
120,31,60,2,7,37,46,37,0.074035,0.028380
120,31,90,2,1,50,65,5,0.041708,0.722945
160,1031,120,2,6,48,106,6,0.044004,2.273892
120,31,90,2,3,49,67,4,0.040463,0.722945
120,31,90,2,4,49,71,0,0.040305,0.572331
120,31,60,2,8,21,79,20,0.043468,0.000000
120,31,90,2,2,49,66,5,0.040543,0.758153
120,31,90,2,5,50,61,9,0.042221,0.858497
120,31,60,2,6,21,78,21,0.043662,0.028380
120,31,60,2,9,29,63,28,0.054508,0.000000
120,31,90,2,7,49,66,5,0.040543,0.758153
120,31,90,2,6,49,65,6,0.040639,0.792459
120,31,90,2,9,50,67,3,0.041557,0.649673
120,31,90,2,8,52,60,8,0.044597,0.758153
120,127,90,2,0,37,78,5,0.041869,1.578443
160,1031,80,2,0,5,150,5,0.045968,0.043095
120,127,90,2,2,40,70,10,0.045628,1.650218
120,127,90,2,1,38,79,3,0.042781,1.464522
160,1031,80,2,2,2,156,2,0.044200,0.043095
120,127,90,2,3,37,75,8,0.042123,1.684935
160,1031,80,2,1,0,147,13,0.043402,0.558253
160,1031,80,2,4,3,144,13,0.045083,0.446322
120,127,60,2,7,5,109,6,0.043714,0.079413
120,127,60,2,2,5,105,10,0.043938,0.230676
160,1031,80,2,5,1,149,10,0.043827,0.408134
120,127,60,2,5,7,106,7,0.045322,0.040035
120,127,60,2,3,3,109,8,0.042326,0.230676
120,127,60,2,4,4,112,4,0.042894,0.040035
120,127,60,2,0,3,109,8,0.042326,0.230676
120,127,60,2,1,2,116,2,0.041415,0.040035
160,1031,80,2,3,3,151,6,0.044828,0.169226
120,127,60,2,9,7,106,7,0.045322,0.040035
120,127,60,2,6,3,109,8,0.042326,0.230676
120,127,60,2,8,3,109,8,0.042326,0.230676
160,1031,80,2,6,1,146,13,0.043951,0.521374
120,127,90,2,6,39,70,11,0.044647,1.718905
120,127,90,2,8,40,70,10,0.045628,1.650218
160,1031,80,2,8,1,147,12,0.043906,0.484066
120,127,90,2,9,38,80,2,0.042743,1.424761
120,127,90,2,7,37,75,8,0.042123,1.684935
120,127,90,2,4,40,79,1,0.044867,1.299660
160,1031,80,2,7,2,149,9,0.044348,0.330394
120,127,90,2,5,35,81,4,0.039870,1.614729
160,1031,80,2,9,2,151,7,0.044288,0.250781
120,1031,90,2,0,27,84,9,0.048116,2.896565
120,1031,90,2,1,25,87,8,0.046010,2.935428
120,1031,90,2,4,21,99,0,0.042050,2.775314
120,1031,90,2,2,22,92,6,0.043095,2.973550
120,1031,90,2,3,22,89,9,0.043310,3.083682
120,1031,90,2,6,21,92,7,0.042289,3.047658
120,1031,90,2,5,19,101,0,0.040409,2.856941
120,1031,90,2,7,23,91,6,0.043987,2.935428
120,1031,90,2,9,21,89,10,0.042523,3.153766
120,1031,90,2,8,24,93,3,0.044763,2.775314
120,1031,60,2,0,0,77,43,0.065932,1.861491
120,1031,60,2,7,0,72,48,0.068425,2.011692
120,1031,60,2,4,0,72,48,0.068425,2.011692
120,1031,60,2,1,0,69,51,0.070155,2.097621
120,1031,60,2,9,0,77,43,0.065932,1.861491
120,1031,60,2,6,0,70,50,0.069557,2.069313
120,1031,60,2,2,0,74,46,0.067373,1.952691
120,1031,60,2,8,0,72,48,0.068425,2.011692
120,1031,60,2,3,0,74,46,0.067373,1.952691
120,1031,60,2,5,0,71,49,0.068980,2.040672
